location_code,measurement_time,bicycle_count
PUT04_057B_P,2022-08-01 00:00:00,221
PUT04_057B_P,2022-08-01 01:00:00,108
PUT04_057B_P,2022-08-01 02:00:00,56
PUT04_057B_P,2022-08-01 03:00:00,31
PUT04_057B_P,2022-08-01 04:00:00,19
PUT04_057B_P,2022-08-01 05:00:00,37
PUT04_057B_P,2022-08-01 06:00:00,195
PUT04_057B_P,2022-08-01 07:00:00,537
PUT04_057B_P,2022-08-01 08:00:00,436
PUT04_057B_P,2022-08-01 09:00:00,294
PUT04_057B_P,2022-08-01 10:00:00,448
PUT04_057B_P,2022-08-01 11:00:00,498
PUT04_057B_P,2022-08-01 12:00:00,603
PUT04_057B_P,2022-08-01 13:00:00,687
PUT04_057B_P,2022-08-01 14:00:00,802
PUT04_057B_P,2022-08-01 15:00:00,851
PUT04_057B_P,2022-08-01 16:00:00,434
PUT04_057B_P,2022-08-01 17:00:00,0
PUT04_057B_P,2022-08-01 18:00:00,0
PUT04_057B_P,2022-08-01 19:00:00,0
PUT04_057B_P,2022-08-01 20:00:00,0
PUT04_057B_P,2022-08-01 21:00:00,63
PUT04_057B_P,2022-08-01 22:00:00,463
PUT04_057B_P,2022-08-01 23:00:00,394
PUT04_057B_P,2022-08-02 00:00:00,233
PUT04_057B_P,2022-08-02 01:00:00,133
PUT04_057B_P,2022-08-02 02:00:00,69
PUT04_057B_P,2022-08-02 03:00:00,44
PUT04_057B_P,2022-08-02 04:00:00,36
PUT04_057B_P,2022-08-02 05:00:00,60
PUT04_057B_P,2022-08-02 06:00:00,222
PUT04_057B_P,2022-08-02 07:00:00,603
PUT04_057B_P,2022-08-02 08:00:00,0
PUT04_057B_P,2022-08-02 09:00:00,0
PUT04_057B_P,2022-08-02 10:00:00,719
PUT04_057B_P,2022-08-02 11:00:00,630
PUT04_057B_P,2022-08-02 12:00:00,754
PUT04_057B_P,2022-08-02 13:00:00,730
PUT04_057B_P,2022-08-02 14:00:00,774
PUT04_057B_P,2022-08-02 15:00:00,651
PUT04_057B_P,2022-08-02 16:00:00,401
PUT04_057B_P,2022-08-02 17:00:00,0
PUT04_057B_P,2022-08-02 18:00:00,0
PUT04_057B_P,2022-08-02 19:00:00,0
PUT04_057B_P,2022-08-02 20:00:00,0
PUT04_057B_P,2022-08-02 21:00:00,0
PUT04_057B_P,2022-08-02 22:00:00,423
PUT04_057B_P,2022-08-02 23:00:00,352
PUT04_057B_P,2022-08-03 00:00:00,282
PUT04_057B_P,2022-08-03 01:00:00,136
PUT04_057B_P,2022-08-03 02:00:00,71
PUT04_057B_P,2022-08-03 03:00:00,51
PUT04_057B_P,2022-08-03 04:00:00,52
PUT04_057B_P,2022-08-03 05:00:00,34.91
PUT04_057B_P,2022-08-03 06:00:00,172
PUT04_057B_P,2022-08-03 07:00:00,564
PUT04_057B_P,2022-08-03 08:00:00,550
PUT04_057B_P,2022-08-03 09:00:00,371
PUT04_057B_P,2022-08-03 10:00:00,367
PUT04_057B_P,2022-08-03 11:00:00,725
PUT04_057B_P,2022-08-03 12:00:00,759
PUT04_057B_P,2022-08-03 13:00:00,100
PUT04_057B_P,2022-08-03 14:00:00,
PUT04_057B_P,2022-08-03 15:00:00,0
PUT04_057B_P,2022-08-03 16:00:00,0
PUT04_057B_P,2022-08-03 17:00:00,0
PUT04_057B_P,2022-08-03 18:00:00,0
PUT04_057B_P,2022-08-03 19:00:00,0
PUT04_057B_P,2022-08-03 20:00:00,0
PUT04_057B_P,2022-08-03 21:00:00,0
PUT04_057B_P,2022-08-03 22:00:00,0
PUT04_057B_P,2022-08-03 23:00:00,0
PUT04_057B_P,2022-08-04 00:00:00,0
PUT04_057B_P,2022-08-04 01:00:00,0
PUT04_057B_P,2022-08-04 02:00:00,0
PUT04_057B_P,2022-08-04 03:00:00,0
PUT04_057B_P,2022-08-04 04:00:00,0
PUT04_057B_P,2022-08-04 05:00:00,0
PUT04_057B_P,2022-08-04 06:00:00,0
PUT04_057B_P,2022-08-04 07:00:00,0
PUT04_057B_P,2022-08-04 08:00:00,0
PUT04_057B_P,2022-08-04 09:00:00,0
PUT04_057B_P,2022-08-04 10:00:00,214
PUT04_057B_P,2022-08-04 11:00:00,804
PUT04_057B_P,2022-08-04 12:00:00,637
PUT04_057B_P,2022-08-04 13:00:00,
PUT04_057B_P,2022-08-04 14:00:00,
PUT04_057B_P,2022-08-04 15:00:00,457
PUT04_057B_P,2022-08-04 16:00:00,0
PUT04_057B_P,2022-08-04 17:00:00,0
PUT04_057B_P,2022-08-04 18:00:00,0
PUT04_057B_P,2022-08-04 19:00:00,0
PUT04_057B_P,2022-08-04 20:00:00,0
PUT04_057B_P,2022-08-04 21:00:00,0
PUT04_057B_P,2022-08-04 22:00:00,94
PUT04_057B_P,2022-08-04 23:00:00,632
PUT04_057B_P,2022-08-05 00:00:00,366
PUT04_057B_P,2022-08-05 01:00:00,227
PUT04_057B_P,2022-08-05 02:00:00,108
PUT04_057B_P,2022-08-05 03:00:00,126
PUT04_057B_P,2022-08-05 04:00:00,108
PUT04_057B_P,2022-08-05 05:00:00,78
PUT04_057B_P,2022-08-05 06:00:00,144
PUT04_057B_P,2022-08-05 07:00:00,387
PUT04_057B_P,2022-08-05 08:00:00,617
PUT04_057B_P,2022-08-05 09:00:00,738
PUT04_057B_P,2022-08-05 10:00:00,644
PUT04_057B_P,2022-08-05 11:00:00,657
PUT04_057B_P,2022-08-05 12:00:00,660
PUT04_057B_P,2022-08-05 13:00:00,668
PUT04_057B_P,2022-08-05 14:00:00,0
PUT04_057B_P,2022-08-05 15:00:00,0
PUT04_057B_P,2022-08-05 16:00:00,0
PUT04_057B_P,2022-08-05 17:00:00,0
PUT04_057B_P,2022-08-05 18:00:00,0
PUT04_057B_P,2022-08-05 19:00:00,0
PUT04_057B_P,2022-08-05 20:00:00,0
PUT04_057B_P,2022-08-05 21:00:00,0
PUT04_057B_P,2022-08-05 22:00:00,0
PUT04_057B_P,2022-08-05 23:00:00,832
PUT04_057B_P,2022-08-06 00:00:00,640
PUT04_057B_P,2022-08-06 01:00:00,611
PUT04_057B_P,2022-08-06 02:00:00,314
PUT04_057B_P,2022-08-06 03:00:00,270
PUT04_057B_P,2022-08-06 04:00:00,282.55
PUT04_057B_P,2022-08-06 05:00:00,117
PUT04_057B_P,2022-08-06 06:00:00,96
PUT04_057B_P,2022-08-06 07:00:00,97
PUT04_057B_P,2022-08-06 08:00:00,226
PUT04_057B_P,2022-08-06 09:00:00,481
PUT04_057B_P,2022-08-06 10:00:00,544
PUT04_057B_P,2022-08-06 11:00:00,0
PUT04_057B_P,2022-08-06 12:00:00,0
PUT04_057B_P,2022-08-06 13:00:00,0
PUT04_057B_P,2022-08-06 14:00:00,0
PUT04_057B_P,2022-08-06 15:00:00,0
PUT04_057B_P,2022-08-06 16:00:00,0
PUT04_057B_P,2022-08-06 17:00:00,0
PUT04_057B_P,2022-08-06 18:00:00,0
PUT04_057B_P,2022-08-06 19:00:00,0
PUT04_057B_P,2022-08-06 20:00:00,0
PUT04_057B_P,2022-08-06 21:00:00,501
PUT04_057B_P,2022-08-06 22:00:00,798
PUT04_057B_P,2022-08-06 23:00:00,681
PUT04_057B_P,2022-08-07 00:00:00,718
PUT04_057B_P,2022-08-07 01:00:00,550
PUT04_057B_P,2022-08-07 02:00:00,244
PUT04_057B_P,2022-08-07 03:00:00,205
PUT04_057B_P,2022-08-07 04:00:00,139
PUT04_057B_P,2022-08-07 05:00:00,62
PUT04_057B_P,2022-08-07 06:00:00,74
PUT04_057B_P,2022-08-07 07:00:00,102
PUT04_057B_P,2022-08-07 08:00:00,193
PUT04_057B_P,2022-08-07 09:00:00,322
PUT04_057B_P,2022-08-07 10:00:00,394
PUT04_057B_P,2022-08-07 11:00:00,650
PUT04_057B_P,2022-08-07 12:00:00,773
PUT04_057B_P,2022-08-07 13:00:00,651
PUT04_057B_P,2022-08-07 14:00:00,303
PUT04_057B_P,2022-08-07 15:00:00,461
PUT04_057B_P,2022-08-07 16:00:00,661
PUT04_057B_P,2022-08-07 17:00:00,312
PUT04_057B_P,2022-08-07 18:00:00,0
PUT04_057B_P,2022-08-07 19:00:00,24
PUT04_057B_P,2022-08-07 20:00:00,569
PUT04_057B_P,2022-08-07 21:00:00,665
PUT04_057B_P,2022-08-07 22:00:00,646
PUT04_057B_P,2022-08-07 23:00:00,396
PUT04_057B_P,2022-08-08 00:00:00,229
PUT04_057B_P,2022-08-08 01:00:00,135
PUT04_057B_P,2022-08-08 02:00:00,60
PUT04_057B_P,2022-08-08 03:00:00,33
PUT04_057B_P,2022-08-08 04:00:00,18
PUT04_057B_P,2022-08-08 05:00:00,40
PUT04_057B_P,2022-08-08 06:00:00,188
PUT04_057B_P,2022-08-08 07:00:00,683
PUT04_057B_P,2022-08-08 08:00:00,132
PUT04_057B_P,2022-08-08 09:00:00,235
PUT04_057B_P,2022-08-08 10:00:00,593
PUT04_057B_P,2022-08-08 11:00:00,539
PUT04_057B_P,2022-08-08 12:00:00,616
PUT04_057B_P,2022-08-08 13:00:00,705.6
PUT04_057B_P,2022-08-08 14:00:00,701
PUT04_057B_P,2022-08-08 15:00:00,701
PUT04_057B_P,2022-08-08 16:00:00,396
PUT04_057B_P,2022-08-08 17:00:00,0
PUT04_057B_P,2022-08-08 18:00:00,0
PUT04_057B_P,2022-08-08 19:00:00,0
PUT04_057B_P,2022-08-08 20:00:00,56
PUT04_057B_P,2022-08-08 21:00:00,684
PUT04_057B_P,2022-08-08 22:00:00,407
PUT04_057B_P,2022-08-08 23:00:00,404
PUT04_057B_P,2022-08-09 00:00:00,224
PUT04_057B_P,2022-08-09 01:00:00,128
PUT04_057B_P,2022-08-09 02:00:00,66
PUT04_057B_P,2022-08-09 03:00:00,45
PUT04_057B_P,2022-08-09 04:00:00,42
PUT04_057B_P,2022-08-09 05:00:00,54
PUT04_057B_P,2022-08-09 06:00:00,221
PUT04_057B_P,2022-08-09 07:00:00,571
PUT04_057B_P,2022-08-09 08:00:00,0
PUT04_057B_P,2022-08-09 09:00:00,0
PUT04_057B_P,2022-08-09 10:00:00,256
PUT04_057B_P,2022-08-09 11:00:00,661
PUT04_057B_P,2022-08-09 12:00:00,694
PUT04_057B_P,2022-08-09 13:00:00,765
PUT04_057B_P,2022-08-09 14:00:00,649.2
PUT04_057B_P,2022-08-09 15:00:00,475
PUT04_057B_P,2022-08-09 16:00:00,0
PUT04_057B_P,2022-08-09 17:00:00,0
PUT04_057B_P,2022-08-09 18:00:00,0
PUT04_057B_P,2022-08-09 19:00:00,0
PUT04_057B_P,2022-08-09 20:00:00,0
PUT04_057B_P,2022-08-09 21:00:00,153
PUT04_057B_P,2022-08-09 22:00:00,690
PUT04_057B_P,2022-08-09 23:00:00,343
PUT04_057B_P,2022-08-10 00:00:00,218
PUT04_057B_P,2022-08-10 01:00:00,133
PUT04_057B_P,2022-08-10 02:00:00,70
PUT04_057B_P,2022-08-10 03:00:00,57
PUT04_057B_P,2022-08-10 04:00:00,24
PUT04_057B_P,2022-08-10 05:00:00,43
PUT04_057B_P,2022-08-10 06:00:00,181
PUT04_057B_P,2022-08-10 07:00:00,598
PUT04_057B_P,2022-08-10 08:00:00,507
PUT04_057B_P,2022-08-10 09:00:00,487
PUT04_057B_P,2022-08-10 10:00:00,733
PUT04_057B_P,2022-08-10 11:00:00,702
PUT04_057B_P,2022-08-10 12:00:00,695
PUT04_057B_P,2022-08-10 13:00:00,655
PUT04_057B_P,2022-08-10 14:00:00,784
PUT04_057B_P,2022-08-10 15:00:00,795
PUT04_057B_P,2022-08-10 16:00:00,245
PUT04_057B_P,2022-08-10 17:00:00,0
PUT04_057B_P,2022-08-10 18:00:00,0
PUT04_057B_P,2022-08-10 19:00:00,0
PUT04_057B_P,2022-08-10 20:00:00,0
PUT04_057B_P,2022-08-10 21:00:00,470
PUT04_057B_P,2022-08-10 22:00:00,685
PUT04_057B_P,2022-08-10 23:00:00,374
PUT04_057B_P,2022-08-11 00:00:00,335
PUT04_057B_P,2022-08-11 01:00:00,123
PUT04_057B_P,2022-08-11 02:00:00,111
PUT04_057B_P,2022-08-11 03:00:00,75
PUT04_057B_P,2022-08-11 04:00:00,63
PUT04_057B_P,2022-08-11 05:00:00,61
PUT04_057B_P,2022-08-11 06:00:00,183
PUT04_057B_P,2022-08-11 07:00:00,675
PUT04_057B_P,2022-08-11 08:00:00,586
PUT04_057B_P,2022-08-11 09:00:00,104
PUT04_057B_P,2022-08-11 10:00:00,664
PUT04_057B_P,2022-08-11 11:00:00,622
PUT04_057B_P,2022-08-11 12:00:00,753.82
PUT04_057B_P,2022-08-11 13:00:00,800
PUT04_057B_P,2022-08-11 14:00:00,760
PUT04_057B_P,2022-08-11 15:00:00,735
PUT04_057B_P,2022-08-11 16:00:00,100
PUT04_057B_P,2022-08-11 17:00:00,0
PUT04_057B_P,2022-08-11 18:00:00,0
PUT04_057B_P,2022-08-11 19:00:00,0
PUT04_057B_P,2022-08-11 20:00:00,0
PUT04_057B_P,2022-08-11 21:00:00,0
PUT04_057B_P,2022-08-11 22:00:00,121
PUT04_057B_P,2022-08-11 23:00:00,765
PUT04_057B_P,2022-08-12 00:00:00,504
PUT04_057B_P,2022-08-12 01:00:00,312
PUT04_057B_P,2022-08-12 02:00:00,171
PUT04_057B_P,2022-08-12 03:00:00,120
PUT04_057B_P,2022-08-12 04:00:00,105
PUT04_057B_P,2022-08-12 05:00:00,81
PUT04_057B_P,2022-08-12 06:00:00,193
PUT04_057B_P,2022-08-12 07:00:00,594
PUT04_057B_P,2022-08-12 08:00:00,716
PUT04_057B_P,2022-08-12 09:00:00,661
PUT04_057B_P,2022-08-12 10:00:00,726
PUT04_057B_P,2022-08-12 11:00:00,749
PUT04_057B_P,2022-08-12 12:00:00,786
PUT04_057B_P,2022-08-12 13:00:00,850
PUT04_057B_P,2022-08-12 14:00:00,732
PUT04_057B_P,2022-08-12 15:00:00,769
PUT04_057B_P,2022-08-12 16:00:00,349
PUT04_057B_P,2022-08-12 17:00:00,0
PUT04_057B_P,2022-08-12 18:00:00,0
PUT04_057B_P,2022-08-12 19:00:00,0
PUT04_057B_P,2022-08-12 20:00:00,0
PUT04_057B_P,2022-08-12 21:00:00,0
PUT04_057B_P,2022-08-12 22:00:00,671
PUT04_057B_P,2022-08-12 23:00:00,1020
PUT04_057B_P,2022-08-13 00:00:00,951
PUT04_057B_P,2022-08-13 01:00:00,629
PUT04_057B_P,2022-08-13 02:00:00,324
PUT04_057B_P,2022-08-13 03:00:00,276
PUT04_057B_P,2022-08-13 04:00:00,255
PUT04_057B_P,2022-08-13 05:00:00,77
PUT04_057B_P,2022-08-13 06:00:00,114.55
PUT04_057B_P,2022-08-13 07:00:00,133
PUT04_057B_P,2022-08-13 08:00:00,249
PUT04_057B_P,2022-08-13 09:00:00,619
PUT04_057B_P,2022-08-13 10:00:00,577
PUT04_057B_P,2022-08-13 11:00:00,57
PUT04_057B_P,2022-08-13 12:00:00,0
PUT04_057B_P,2022-08-13 13:00:00,0
PUT04_057B_P,2022-08-13 14:00:00,0
PUT04_057B_P,2022-08-13 15:00:00,0
PUT04_057B_P,2022-08-13 16:00:00,0
PUT04_057B_P,2022-08-13 17:00:00,0
PUT04_057B_P,2022-08-13 18:00:00,0
PUT04_057B_P,2022-08-13 19:00:00,0
PUT04_057B_P,2022-08-13 20:00:00,0
PUT04_057B_P,2022-08-13 21:00:00,984
PUT04_057B_P,2022-08-13 22:00:00,1039
PUT04_057B_P,2022-08-13 23:00:00,293
PUT04_057B_P,2022-08-14 00:00:00,0
PUT04_057B_P,2022-08-14 01:00:00,432
PUT04_057B_P,2022-08-14 02:00:00,370
PUT04_057B_P,2022-08-14 03:00:00,369
PUT04_057B_P,2022-08-14 04:00:00,234
PUT04_057B_P,2022-08-14 05:00:00,113
PUT04_057B_P,2022-08-14 06:00:00,101
PUT04_057B_P,2022-08-14 07:00:00,305
PUT04_057B_P,2022-08-14 08:00:00,278
PUT04_057B_P,2022-08-14 09:00:00,529.09
PUT04_057B_P,2022-08-14 10:00:00,571
PUT04_057B_P,2022-08-14 11:00:00,578
PUT04_057B_P,2022-08-14 12:00:00,753
PUT04_057B_P,2022-08-14 13:00:00,505
PUT04_057B_P,2022-08-14 14:00:00,147
PUT04_057B_P,2022-08-14 15:00:00,540
PUT04_057B_P,2022-08-14 16:00:00,760
PUT04_057B_P,2022-08-14 17:00:00,721
PUT04_057B_P,2022-08-14 18:00:00,210
PUT04_057B_P,2022-08-14 19:00:00,434
PUT04_057B_P,2022-08-14 20:00:00,647
PUT04_057B_P,2022-08-14 21:00:00,715
PUT04_057B_P,2022-08-14 22:00:00,535
PUT04_057B_P,2022-08-14 23:00:00,568
PUT04_057A_P,2022-08-01 00:00:00,80
PUT04_057A_P,2022-08-01 01:00:00,59
PUT04_057A_P,2022-08-01 02:00:00,27
PUT04_057A_P,2022-08-01 03:00:00,26
PUT04_057A_P,2022-08-01 04:00:00,7
PUT04_057A_P,2022-08-01 05:00:00,47
PUT04_057A_P,2022-08-01 06:00:00,85
PUT04_057A_P,2022-08-01 07:00:00,157
PUT04_057A_P,2022-08-01 08:00:00,288
PUT04_057A_P,2022-08-01 09:00:00,144
PUT04_057A_P,2022-08-01 10:00:00,163
PUT04_057A_P,2022-08-01 11:00:00,226
PUT04_057A_P,2022-08-01 12:00:00,308
PUT04_057A_P,2022-08-01 13:00:00,332
PUT04_057A_P,2022-08-01 14:00:00,375
PUT04_057A_P,2022-08-01 15:00:00,384
PUT04_057A_P,2022-08-01 16:00:00,512
PUT04_057A_P,2022-08-01 17:00:00,697
PUT04_057A_P,2022-08-01 18:00:00,586
PUT04_057A_P,2022-08-01 19:00:00,354
PUT04_057A_P,2022-08-01 20:00:00,309
PUT04_057A_P,2022-08-01 21:00:00,268
PUT04_057A_P,2022-08-01 22:00:00,217
PUT04_057A_P,2022-08-01 23:00:00,153
PUT04_057A_P,2022-08-02 00:00:00,123
PUT04_057A_P,2022-08-02 01:00:00,78
PUT04_057A_P,2022-08-02 02:00:00,50
PUT04_057A_P,2022-08-02 03:00:00,33
PUT04_057A_P,2022-08-02 04:00:00,30
PUT04_057A_P,2022-08-02 05:00:00,37
PUT04_057A_P,2022-08-02 06:00:00,68
PUT04_057A_P,2022-08-02 07:00:00,201
PUT04_057A_P,2022-08-02 08:00:00,365
PUT04_057A_P,2022-08-02 09:00:00,209
PUT04_057A_P,2022-08-02 10:00:00,215
PUT04_057A_P,2022-08-02 11:00:00,283
PUT04_057A_P,2022-08-02 12:00:00,360
PUT04_057A_P,2022-08-02 13:00:00,373
PUT04_057A_P,2022-08-02 14:00:00,385
PUT04_057A_P,2022-08-02 15:00:00,447
PUT04_057A_P,2022-08-02 16:00:00,517
PUT04_057A_P,2022-08-02 17:00:00,733
PUT04_057A_P,2022-08-02 18:00:00,590
PUT04_057A_P,2022-08-02 19:00:00,415
PUT04_057A_P,2022-08-02 20:00:00,339
PUT04_057A_P,2022-08-02 21:00:00,304
PUT04_057A_P,2022-08-02 22:00:00,292
PUT04_057A_P,2022-08-02 23:00:00,173
PUT04_057A_P,2022-08-03 00:00:00,110
PUT04_057A_P,2022-08-03 01:00:00,108
PUT04_057A_P,2022-08-03 02:00:00,87
PUT04_057A_P,2022-08-03 03:00:00,65
PUT04_057A_P,2022-08-03 04:00:00,64
PUT04_057A_P,2022-08-03 05:00:00,62.18
PUT04_057A_P,2022-08-03 06:00:00,83
PUT04_057A_P,2022-08-03 07:00:00,190
PUT04_057A_P,2022-08-03 08:00:00,315
PUT04_057A_P,2022-08-03 09:00:00,217
PUT04_057A_P,2022-08-03 10:00:00,270
PUT04_057A_P,2022-08-03 11:00:00,283
PUT04_057A_P,2022-08-03 12:00:00,405
PUT04_057A_P,2022-08-03 13:00:00,404
PUT04_057A_P,2022-08-03 14:00:00,402
PUT04_057A_P,2022-08-03 15:00:00,370
PUT04_057A_P,2022-08-03 16:00:00,520
PUT04_057A_P,2022-08-03 17:00:00,740
PUT04_057A_P,2022-08-03 18:00:00,663
PUT04_057A_P,2022-08-03 19:00:00,405
PUT04_057A_P,2022-08-03 20:00:00,382
PUT04_057A_P,2022-08-03 21:00:00,340
PUT04_057A_P,2022-08-03 22:00:00,341
PUT04_057A_P,2022-08-03 23:00:00,187
PUT04_057A_P,2022-08-04 00:00:00,131
PUT04_057A_P,2022-08-04 01:00:00,83
PUT04_057A_P,2022-08-04 02:00:00,84
PUT04_057A_P,2022-08-04 03:00:00,60
PUT04_057A_P,2022-08-04 04:00:00,44
PUT04_057A_P,2022-08-04 05:00:00,52
PUT04_057A_P,2022-08-04 06:00:00,77
PUT04_057A_P,2022-08-04 07:00:00,182
PUT04_057A_P,2022-08-04 08:00:00,325
PUT04_057A_P,2022-08-04 09:00:00,217
PUT04_057A_P,2022-08-04 10:00:00,264
PUT04_057A_P,2022-08-04 11:00:00,264
PUT04_057A_P,2022-08-04 12:00:00,325
PUT04_057A_P,2022-08-04 13:00:00,
PUT04_057A_P,2022-08-04 14:00:00,
PUT04_057A_P,2022-08-04 15:00:00,435
PUT04_057A_P,2022-08-04 16:00:00,470
PUT04_057A_P,2022-08-04 17:00:00,759
PUT04_057A_P,2022-08-04 18:00:00,616
PUT04_057A_P,2022-08-04 19:00:00,488
PUT04_057A_P,2022-08-04 20:00:00,393
PUT04_057A_P,2022-08-04 21:00:00,353
PUT04_057A_P,2022-08-04 22:00:00,294
PUT04_057A_P,2022-08-04 23:00:00,266
PUT04_057A_P,2022-08-05 00:00:00,179
PUT04_057A_P,2022-08-05 01:00:00,119
PUT04_057A_P,2022-08-05 02:00:00,157
PUT04_057A_P,2022-08-05 03:00:00,140
PUT04_057A_P,2022-08-05 04:00:00,116.73
PUT04_057A_P,2022-08-05 05:00:00,71
PUT04_057A_P,2022-08-05 06:00:00,63
PUT04_057A_P,2022-08-05 07:00:00,125
PUT04_057A_P,2022-08-05 08:00:00,240
PUT04_057A_P,2022-08-05 09:00:00,193
PUT04_057A_P,2022-08-05 10:00:00,255
PUT04_057A_P,2022-08-05 11:00:00,356
PUT04_057A_P,2022-08-05 12:00:00,384
PUT04_057A_P,2022-08-05 13:00:00,434
PUT04_057A_P,2022-08-05 14:00:00,463
PUT04_057A_P,2022-08-05 15:00:00,462
PUT04_057A_P,2022-08-05 16:00:00,558
PUT04_057A_P,2022-08-05 17:00:00,690
PUT04_057A_P,2022-08-05 18:00:00,537
PUT04_057A_P,2022-08-05 19:00:00,417
PUT04_057A_P,2022-08-05 20:00:00,334
PUT04_057A_P,2022-08-05 21:00:00,304
PUT04_057A_P,2022-08-05 22:00:00,327
PUT04_057A_P,2022-08-05 23:00:00,317
PUT04_057A_P,2022-08-06 00:00:00,282
PUT04_057A_P,2022-08-06 01:00:00,278
PUT04_057A_P,2022-08-06 02:00:00,232
PUT04_057A_P,2022-08-06 03:00:00,253
PUT04_057A_P,2022-08-06 04:00:00,169.09
PUT04_057A_P,2022-08-06 05:00:00,74
PUT04_057A_P,2022-08-06 06:00:00,55
PUT04_057A_P,2022-08-06 07:00:00,56
PUT04_057A_P,2022-08-06 08:00:00,87
PUT04_057A_P,2022-08-06 09:00:00,207
PUT04_057A_P,2022-08-06 10:00:00,332
PUT04_057A_P,2022-08-06 11:00:00,450
PUT04_057A_P,2022-08-06 12:00:00,470
PUT04_057A_P,2022-08-06 13:00:00,515
PUT04_057A_P,2022-08-06 14:00:00,488
PUT04_057A_P,2022-08-06 15:00:00,507
PUT04_057A_P,2022-08-06 16:00:00,493
PUT04_057A_P,2022-08-06 17:00:00,503
PUT04_057A_P,2022-08-06 18:00:00,391
PUT04_057A_P,2022-08-06 19:00:00,377
PUT04_057A_P,2022-08-06 20:00:00,318
PUT04_057A_P,2022-08-06 21:00:00,263
PUT04_057A_P,2022-08-06 22:00:00,242
PUT04_057A_P,2022-08-06 23:00:00,209
PUT04_057A_P,2022-08-07 00:00:00,212
PUT04_057A_P,2022-08-07 01:00:00,214
PUT04_057A_P,2022-08-07 02:00:00,182
PUT04_057A_P,2022-08-07 03:00:00,189
PUT04_057A_P,2022-08-07 04:00:00,137
PUT04_057A_P,2022-08-07 05:00:00,57
PUT04_057A_P,2022-08-07 06:00:00,33
PUT04_057A_P,2022-08-07 07:00:00,33
PUT04_057A_P,2022-08-07 08:00:00,55
PUT04_057A_P,2022-08-07 09:00:00,126
PUT04_057A_P,2022-08-07 10:00:00,221
PUT04_057A_P,2022-08-07 11:00:00,313
PUT04_057A_P,2022-08-07 12:00:00,379
PUT04_057A_P,2022-08-07 13:00:00,393
PUT04_057A_P,2022-08-07 14:00:00,459
PUT04_057A_P,2022-08-07 15:00:00,515
PUT04_057A_P,2022-08-07 16:00:00,526
PUT04_057A_P,2022-08-07 17:00:00,507
PUT04_057A_P,2022-08-07 18:00:00,386
PUT04_057A_P,2022-08-07 19:00:00,318
PUT04_057A_P,2022-08-07 20:00:00,310
PUT04_057A_P,2022-08-07 21:00:00,259
PUT04_057A_P,2022-08-07 22:00:00,188
PUT04_057A_P,2022-08-07 23:00:00,136
PUT04_057A_P,2022-08-08 00:00:00,64
PUT04_057A_P,2022-08-08 01:00:00,46
PUT04_057A_P,2022-08-08 02:00:00,58
PUT04_057A_P,2022-08-08 03:00:00,19
PUT04_057A_P,2022-08-08 04:00:00,17
PUT04_057A_P,2022-08-08 05:00:00,49
PUT04_057A_P,2022-08-08 06:00:00,93
PUT04_057A_P,2022-08-08 07:00:00,200
PUT04_057A_P,2022-08-08 08:00:00,288
PUT04_057A_P,2022-08-08 09:00:00,191
PUT04_057A_P,2022-08-08 10:00:00,205
PUT04_057A_P,2022-08-08 11:00:00,256
PUT04_057A_P,2022-08-08 12:00:00,326
PUT04_057A_P,2022-08-08 13:00:00,370.8
PUT04_057A_P,2022-08-08 14:00:00,378
PUT04_057A_P,2022-08-08 15:00:00,420
PUT04_057A_P,2022-08-08 16:00:00,519
PUT04_057A_P,2022-08-08 17:00:00,747
PUT04_057A_P,2022-08-08 18:00:00,547
PUT04_057A_P,2022-08-08 19:00:00,422
PUT04_057A_P,2022-08-08 20:00:00,308
PUT04_057A_P,2022-08-08 21:00:00,309
PUT04_057A_P,2022-08-08 22:00:00,178
PUT04_057A_P,2022-08-08 23:00:00,127
PUT04_057A_P,2022-08-09 00:00:00,97
PUT04_057A_P,2022-08-09 01:00:00,62
PUT04_057A_P,2022-08-09 02:00:00,56
PUT04_057A_P,2022-08-09 03:00:00,30
PUT04_057A_P,2022-08-09 04:00:00,19
PUT04_057A_P,2022-08-09 05:00:00,52
PUT04_057A_P,2022-08-09 06:00:00,81
PUT04_057A_P,2022-08-09 07:00:00,230
PUT04_057A_P,2022-08-09 08:00:00,380
PUT04_057A_P,2022-08-09 09:00:00,246
PUT04_057A_P,2022-08-09 10:00:00,244
PUT04_057A_P,2022-08-09 11:00:00,340
PUT04_057A_P,2022-08-09 12:00:00,378
PUT04_057A_P,2022-08-09 13:00:00,403
PUT04_057A_P,2022-08-09 14:00:00,378
PUT04_057A_P,2022-08-09 15:00:00,418
PUT04_057A_P,2022-08-09 16:00:00,538
PUT04_057A_P,2022-08-09 17:00:00,764
PUT04_057A_P,2022-08-09 18:00:00,579
PUT04_057A_P,2022-08-09 19:00:00,416
PUT04_057A_P,2022-08-09 20:00:00,367
PUT04_057A_P,2022-08-09 21:00:00,296
PUT04_057A_P,2022-08-09 22:00:00,271
PUT04_057A_P,2022-08-09 23:00:00,243
PUT04_057A_P,2022-08-10 00:00:00,130
PUT04_057A_P,2022-08-10 01:00:00,82
PUT04_057A_P,2022-08-10 02:00:00,91
PUT04_057A_P,2022-08-10 03:00:00,64
PUT04_057A_P,2022-08-10 04:00:00,68.73
PUT04_057A_P,2022-08-10 05:00:00,48
PUT04_057A_P,2022-08-10 06:00:00,76
PUT04_057A_P,2022-08-10 07:00:00,192
PUT04_057A_P,2022-08-10 08:00:00,319
PUT04_057A_P,2022-08-10 09:00:00,248
PUT04_057A_P,2022-08-10 10:00:00,285
PUT04_057A_P,2022-08-10 11:00:00,315
PUT04_057A_P,2022-08-10 12:00:00,462
PUT04_057A_P,2022-08-10 13:00:00,415
PUT04_057A_P,2022-08-10 14:00:00,438
PUT04_057A_P,2022-08-10 15:00:00,433
PUT04_057A_P,2022-08-10 16:00:00,525
PUT04_057A_P,2022-08-10 17:00:00,735
PUT04_057A_P,2022-08-10 18:00:00,606
PUT04_057A_P,2022-08-10 19:00:00,394
PUT04_057A_P,2022-08-10 20:00:00,356
PUT04_057A_P,2022-08-10 21:00:00,373
PUT04_057A_P,2022-08-10 22:00:00,320
PUT04_057A_P,2022-08-10 23:00:00,246
PUT04_057A_P,2022-08-11 00:00:00,149
PUT04_057A_P,2022-08-11 01:00:00,91
PUT04_057A_P,2022-08-11 02:00:00,62
PUT04_057A_P,2022-08-11 03:00:00,67
PUT04_057A_P,2022-08-11 04:00:00,46
PUT04_057A_P,2022-08-11 05:00:00,54
PUT04_057A_P,2022-08-11 06:00:00,69
PUT04_057A_P,2022-08-11 07:00:00,201
PUT04_057A_P,2022-08-11 08:00:00,367
PUT04_057A_P,2022-08-11 09:00:00,258
PUT04_057A_P,2022-08-11 10:00:00,297
PUT04_057A_P,2022-08-11 11:00:00,302
PUT04_057A_P,2022-08-11 12:00:00,367.64
PUT04_057A_P,2022-08-11 13:00:00,401
PUT04_057A_P,2022-08-11 14:00:00,396
PUT04_057A_P,2022-08-11 15:00:00,418
PUT04_057A_P,2022-08-11 16:00:00,512
PUT04_057A_P,2022-08-11 17:00:00,746
PUT04_057A_P,2022-08-11 18:00:00,639
PUT04_057A_P,2022-08-11 19:00:00,482
PUT04_057A_P,2022-08-11 20:00:00,433
PUT04_057A_P,2022-08-11 21:00:00,405
PUT04_057A_P,2022-08-11 22:00:00,298
PUT04_057A_P,2022-08-11 23:00:00,258
PUT04_057A_P,2022-08-12 00:00:00,211
PUT04_057A_P,2022-08-12 01:00:00,157
PUT04_057A_P,2022-08-12 02:00:00,126
PUT04_057A_P,2022-08-12 03:00:00,160
PUT04_057A_P,2022-08-12 04:00:00,111
PUT04_057A_P,2022-08-12 05:00:00,72
PUT04_057A_P,2022-08-12 06:00:00,70
PUT04_057A_P,2022-08-12 07:00:00,150
PUT04_057A_P,2022-08-12 08:00:00,252
PUT04_057A_P,2022-08-12 09:00:00,228
PUT04_057A_P,2022-08-12 10:00:00,305
PUT04_057A_P,2022-08-12 11:00:00,399
PUT04_057A_P,2022-08-12 12:00:00,385
PUT04_057A_P,2022-08-12 13:00:00,418
PUT04_057A_P,2022-08-12 14:00:00,446
PUT04_057A_P,2022-08-12 15:00:00,434
PUT04_057A_P,2022-08-12 16:00:00,550
PUT04_057A_P,2022-08-12 17:00:00,552
PUT04_057A_P,2022-08-12 18:00:00,625
PUT04_057A_P,2022-08-12 19:00:00,459
PUT04_057A_P,2022-08-12 20:00:00,435
PUT04_057A_P,2022-08-12 21:00:00,384
PUT04_057A_P,2022-08-12 22:00:00,403
PUT04_057A_P,2022-08-12 23:00:00,364
PUT04_057A_P,2022-08-13 00:00:00,341
PUT04_057A_P,2022-08-13 01:00:00,280
PUT04_057A_P,2022-08-13 02:00:00,252
PUT04_057A_P,2022-08-13 03:00:00,266
PUT04_057A_P,2022-08-13 04:00:00,177
PUT04_057A_P,2022-08-13 05:00:00,92
PUT04_057A_P,2022-08-13 06:00:00,70.91
PUT04_057A_P,2022-08-13 07:00:00,51
PUT04_057A_P,2022-08-13 08:00:00,99
PUT04_057A_P,2022-08-13 09:00:00,229
PUT04_057A_P,2022-08-13 10:00:00,349
PUT04_057A_P,2022-08-13 11:00:00,498
PUT04_057A_P,2022-08-13 12:00:00,491
PUT04_057A_P,2022-08-13 13:00:00,559
PUT04_057A_P,2022-08-13 14:00:00,585
PUT04_057A_P,2022-08-13 15:00:00,561
PUT04_057A_P,2022-08-13 16:00:00,535
PUT04_057A_P,2022-08-13 17:00:00,498
PUT04_057A_P,2022-08-13 18:00:00,453
PUT04_057A_P,2022-08-13 19:00:00,334
PUT04_057A_P,2022-08-13 20:00:00,355
PUT04_057A_P,2022-08-13 21:00:00,363
PUT04_057A_P,2022-08-13 22:00:00,383
PUT04_057A_P,2022-08-13 23:00:00,352
PUT04_057A_P,2022-08-14 00:00:00,354
PUT04_057A_P,2022-08-14 01:00:00,318
PUT04_057A_P,2022-08-14 02:00:00,269
PUT04_057A_P,2022-08-14 03:00:00,278
PUT04_057A_P,2022-08-14 04:00:00,168
PUT04_057A_P,2022-08-14 05:00:00,81
PUT04_057A_P,2022-08-14 06:00:00,55
PUT04_057A_P,2022-08-14 07:00:00,135
PUT04_057A_P,2022-08-14 08:00:00,116
PUT04_057A_P,2022-08-14 09:00:00,205.09
PUT04_057A_P,2022-08-14 10:00:00,200
PUT04_057A_P,2022-08-14 11:00:00,375
PUT04_057A_P,2022-08-14 12:00:00,373
PUT04_057A_P,2022-08-14 13:00:00,436
PUT04_057A_P,2022-08-14 14:00:00,410
PUT04_057A_P,2022-08-14 15:00:00,413
PUT04_057A_P,2022-08-14 16:00:00,433
PUT04_057A_P,2022-08-14 17:00:00,387
PUT04_057A_P,2022-08-14 18:00:00,476
PUT04_057A_P,2022-08-14 19:00:00,439
PUT04_057A_P,2022-08-14 20:00:00,344
PUT04_057A_P,2022-08-14 21:00:00,313
PUT04_057A_P,2022-08-14 22:00:00,216
PUT04_057A_P,2022-08-14 23:00:00,216
